{
	"schemaVersion": 1,
	"id": "neuroticindustry",
	"version": "${version}",
	"name": "NeuroticIndustry",
	"description": "This is an example description! Tell everyone what your mod is about!",
	"authors": [
		"Me!"
	],
	"contact": {
		"homepage": "https://fabricmc.net/",
		"sources": "https://github.com/FabricMC/fabric-example-mod"
	},
	"license": "CC0-1.0",
	"icon": "assets/neuroticindustry/icon.png",
	"environment": "*",
	"entrypoints": {
		"main": [
			"ca.neuroticbeaver.neuroticindustry.NeuroticIndustry"
		],
		"client": [
			"ca.neuroticbeaver.neuroticindustry.NeuroticIndustryClient"
		],
		"fabric-datagen": [
			"ca.neuroticbeaver.neuroticindustry.NeuroticIndustryDataGenerator"
		]
	},
	"mixins": [
		"neuroticindustry.mixins.json",
		{
			"config": "neuroticindustry.client.mixins.json",
			"environment": "client"
		}
	],
	"depends": {
		"fabricloader": ">=0.17.2",
		"minecraft": "~1.21.8",
		"java": ">=21",
		"fabric-api": "*"
	},
	"suggests": {
		"another-mod": "*"
	}
}